fev1_score,sweat_chloride,cftr_variant_severity,crp_inflammation,bmi,alt_enzyme,ast_enzyme,age,hospital_id,biomarker_x,disease_target
72.84,56.54,2,1.4,22.19,39.29,31.26,56,1,0.25,0
56.2,64.65,0,4.12,25.65,31.05,16.81,55,1,2.3,1
69.67,99.72,1,5.99,19.75,40.88,40.73,13,2,0.57,1
71.39,75.65,0,6.54,16.55,3.56,25.93,50,1,2.8,1
84.96,35.62,2,4.31,20.66,31.47,33.14,12,1,4.35,0
87.28,43.96,2,0.89,24.01,24.02,43.75,11,3,3.21,0
64.02,56.81,3,2.39,26.71,33.87,17.77,9,1,4.13,1
67.02,66.87,0,1.18,17.19,57.97,24.82,42,1,3.31,1
48.63,87.05,3,0.77,25.23,50.26,15.92,56,3,2.06,1
68.97,73.28,3,0.48,34.61,40.53,33.41,22,3,2.17,1
88.55,67.62,3,3.77,28.81,30.69,47.93,36,3,1.77,1
76.73,56.83,0,15.38,23.26,41.67,26.5,24,3,4.57,0
83.68,47.76,1,0.83,21.39,20.1,34.2,2,3,1.69,0
56.86,105.67,2,1.37,22.12,35.89,44.92,12,1,3.69,1
91.7,9.43,1,0.69,16.01,37.35,30.08,56,1,4.65,0
105.3,61.01,2,2.55,14.88,29.52,23.48,59,1,1.31,1
77.85,61.61,1,4.44,27.27,35.85,35.48,6,2,0.45,1
77.03,62.24,1,3.87,26.93,30.86,11.6,62,1,3.94,1
78.45,47.84,0,5.38,18.49,44.79,34.19,14,1,2.07,0
71.22,38.83,1,1.06,27.74,28.58,30.76,25,2,2.37,0
79.19,54.38,0,0.26,28.61,34.9,54.41,32,1,2.09,0
68.37,20.28,0,0.9,21.93,46.94,32.13,60,2,2.17,0
122.47,42.61,3,0.84,17.95,65.24,21.01,42,1,0.35,1
66.05,15.59,1,0.29,22.3,11.6,31.04,10,3,0.43,1
84.86,44.48,1,4.32,22.6,36.23,24.91,42,2,1.1,0
58.83,56.89,3,0.7,18.11,26.9,23.24,11,1,2.35,1
124.95,59.35,0,3.86,18.87,34.76,29.8,33,2,1.5,0
79.6,36.83,2,4.73,22.9,52.43,30.83,3,3,4.1,0
68.24,88.1,1,1.54,26.07,22.37,36.55,28,3,1.78,1
85.11,45.01,3,1.45,13.76,38.25,30.24,56,2,0.32,1
71.02,69.16,2,0.88,15.16,41.71,27.48,21,3,0.28,1
72.27,42.73,3,0.68,24.71,25.8,51.99,7,2,1.13,1
75.02,69.32,3,18.22,20.97,7.63,32.5,24,2,0.22,1
83.9,58.48,3,8.1,17.42,49.38,18.24,36,1,3.96,1
98.67,85.48,3,1.26,22.8,22.82,25.95,31,1,0.22,1
100.13,66.24,0,17.04,24.34,31.87,46.08,53,3,4.91,1
40.41,49.32,0,10.48,20.63,50.78,34.78,57,2,3.67,1
74.57,49.36,0,2.43,26.03,26.84,28.45,57,1,2.65,0
82.95,31.42,1,2.26,26.35,42.55,27.81,17,3,4.51,0
86.4,30.37,2,2.57,20.73,33.23,37.0,55,3,4.71,0
60.72,21.24,2,2.61,22.71,26.17,36.35,43,2,2.26,1
100.51,49.22,1,5.38,16.73,31.27,46.43,44,1,4.11,0
75.16,30.11,1,8.21,21.74,37.95,45.68,11,2,2.13,0
72.92,50.98,3,3.41,19.09,35.66,46.6,2,1,3.91,1
80.27,95.42,3,0.26,21.04,58.31,14.69,42,2,3.1,1
82.29,55.45,3,11.38,16.35,34.46,20.66,35,1,4.22,1
70.56,94.17,3,4.93,20.75,39.76,30.23,42,3,0.49,1
86.65,71.47,1,6.13,24.19,46.29,36.02,61,2,0.41,1
82.41,42.77,0,9.72,21.38,23.32,41.3,51,2,2.74,0
75.52,56.54,1,3.35,13.86,33.01,43.41,51,2,3.38,0
82.17,29.36,3,12.6,25.91,33.21,43.16,5,1,3.25,1
63.91,74.65,0,1.51,24.35,28.83,41.74,45,2,1.46,1
89.96,53.68,0,3.18,20.99,31.08,38.8,10,3,0.3,0
71.82,74.79,0,4.86,21.58,35.98,43.3,16,3,4.74,0
63.74,63.35,2,0.92,15.81,22.57,45.91,41,1,2.94,1
93.29,83.62,3,2.53,18.74,33.96,28.12,33,1,3.52,1
67.75,88.79,0,7.95,19.94,33.6,17.59,10,3,3.27,1
70.49,80.81,3,0.56,21.33,51.54,28.53,60,3,0.85,1
83.16,81.72,2,4.78,27.04,24.98,13.76,36,2,4.27,1
81.14,64.14,3,1.4,19.51,18.93,35.02,50,2,0.24,1
80.63,49.79,1,2.19,20.83,44.71,15.05,3,3,4.75,0
57.45,87.41,3,4.05,24.27,35.83,43.35,64,2,3.99,1
83.85,67.81,1,1.83,17.05,28.34,21.67,44,2,3.54,1
71.95,58.01,0,6.39,24.02,27.08,47.1,25,1,1.16,0
51.03,63.18,2,19.69,22.66,26.27,26.56,18,2,0.32,1
84.76,75.66,1,5.08,22.12,35.1,27.35,3,3,1.49,1
61.43,62.43,0,1.45,22.27,30.49,42.67,8,1,0.83,1
81.97,44.29,1,0.63,19.69,36.48,18.4,30,3,1.96,0
85.58,50.86,3,1.82,17.02,23.66,30.49,28,3,1.13,1
38.64,53.76,1,4.01,19.02,41.81,40.53,62,2,0.26,1
72.1,75.84,3,0.37,21.33,44.36,35.42,27,2,0.66,1
55.64,61.79,2,8.76,23.24,41.51,34.61,41,3,3.77,1
63.77,53.05,0,3.16,19.65,46.48,30.26,58,1,3.03,0
93.51,85.02,2,0.13,16.83,37.37,46.85,4,3,4.12,1
52.41,44.35,1,3.18,15.83,13.24,37.54,64,1,2.4,1
93.09,45.24,0,9.75,22.92,26.13,45.49,38,3,4.73,0
82.37,36.71,3,0.46,20.97,40.96,34.83,2,3,4.36,1
45.29,53.51,2,4.87,21.32,22.04,32.1,8,1,1.41,1
83.41,72.09,3,0.65,26.4,32.24,32.39,3,3,2.1,1
83.79,66.08,0,3.09,28.58,51.77,44.71,65,3,1.53,0
70.7,40.08,3,19.62,21.2,50.18,15.2,19,1,1.45,1
97.62,65.15,2,8.59,16.99,32.93,40.24,64,1,2.29,1
61.58,61.77,3,3.04,19.87,41.98,27.78,31,2,0.31,1
56.52,58.96,3,2.44,14.75,23.52,16.12,21,2,4.83,1
102.29,96.96,2,10.19,24.03,25.81,21.1,20,2,4.37,1
72.31,67.75,2,2.07,20.7,28.88,18.44,44,3,4.31,1
65.46,71.95,3,10.29,22.47,36.01,16.7,31,3,0.54,1
50.2,93.49,0,2.93,20.08,26.06,11.7,7,2,4.0,1
71.09,78.67,1,1.4,15.85,44.53,34.64,50,3,3.45,1
83.42,33.54,1,3.09,21.08,34.77,39.68,3,2,4.52,0
71.14,49.46,3,14.52,24.36,34.22,46.88,60,2,1.08,1
69.57,42.79,1,2.4,24.05,28.64,38.49,39,1,4.89,1
68.45,46.57,0,12.07,20.77,12.31,46.17,31,3,4.03,1
60.14,62.51,2,5.66,23.55,31.8,17.57,19,3,0.58,1
72.04,55.93,3,0.17,19.6,39.78,39.5,55,1,1.08,1
67.82,69.3,2,3.78,13.03,54.35,22.26,34,2,4.84,1
66.51,98.82,0,3.16,26.96,44.16,34.29,52,3,1.89,1
97.27,60.85,0,3.03,20.35,26.64,18.78,50,3,4.71,0
83.51,69.19,0,4.83,24.34,31.26,20.88,61,3,1.58,0
61.18,50.8,0,1.81,22.2,29.58,32.21,19,2,2.32,0
63.15,31.06,3,4.43,19.78,10.29,21.35,54,2,0.26,1
51.51,45.13,1,9.67,24.15,49.81,40.89,47,1,2.05,1
77.83,69.49,3,0.48,22.35,51.66,35.17,44,1,4.95,1
74.13,63.12,1,4.41,18.36,38.37,25.28,20,3,0.11,1
80.28,51.31,1,3.88,21.58,29.48,35.55,47,1,2.99,0
69.07,75.63,1,6.77,21.31,15.41,29.3,62,2,3.91,1
67.82,59.2,1,14.54,27.74,40.65,40.14,60,3,4.82,1
61.49,81.19,3,2.78,22.7,49.75,41.91,58,1,4.51,1
71.28,70.19,1,1.61,17.62,23.77,17.29,39,2,2.58,1
118.19,27.86,0,9.58,24.02,23.02,18.09,29,2,2.31,0
76.84,78.03,3,2.54,20.56,24.7,29.06,21,3,4.62,1
85.63,94.45,0,2.83,24.09,34.61,22.35,18,3,0.39,0
93.55,53.09,0,2.65,27.67,14.63,12.31,8,2,3.04,0
90.54,44.34,1,0.84,25.22,11.88,34.16,46,3,1.9,0
76.55,33.95,3,9.33,28.29,31.47,21.15,5,3,4.65,1
60.91,67.55,1,1.6,18.23,37.11,9.51,46,1,0.99,1
88.65,82.93,0,0.77,20.33,32.78,31.83,55,2,1.77,0
64.56,38.1,0,10.74,25.66,46.24,45.89,8,3,0.5,1
60.24,67.35,3,2.67,22.03,49.05,29.27,64,3,3.37,1
81.01,79.25,0,0.04,22.13,32.38,38.53,19,2,1.52,0
87.83,76.06,3,0.97,16.45,47.79,13.07,47,1,2.05,1
74.95,58.93,3,12.7,16.72,45.18,22.02,53,3,3.24,1
71.24,79.76,2,0.94,25.2,30.69,28.49,57,1,1.29,1
61.79,39.33,3,10.22,18.42,34.78,24.92,23,1,2.6,1
88.51,75.69,2,2.16,26.56,30.52,34.79,34,1,0.95,1
80.59,79.34,0,0.97,26.53,37.0,20.45,59,3,4.63,0
55.42,48.8,2,9.98,19.4,30.08,41.83,40,2,3.0,1
81.74,55.31,3,3.01,22.26,56.22,38.61,11,3,4.33,1
87.73,38.2,3,3.11,14.32,27.88,40.67,26,2,3.06,1
65.02,9.69,3,0.55,20.91,43.87,26.57,12,3,3.27,1
97.82,67.64,3,3.71,18.07,27.73,40.61,45,3,3.03,1
67.68,67.04,0,2.0,15.4,23.91,28.48,34,3,4.27,1
94.87,53.97,1,2.03,19.08,31.71,16.62,52,1,3.02,0
106.82,75.93,3,5.16,19.69,32.03,36.61,13,3,3.39,1
72.13,59.8,2,0.99,23.17,63.41,24.86,19,1,0.48,0
75.93,65.16,0,5.42,19.47,46.87,22.28,50,1,0.9,0
87.6,30.04,1,6.39,24.66,38.1,26.98,38,3,3.94,0
36.08,61.48,3,11.72,23.94,41.23,46.14,58,2,3.87,1
78.12,36.72,3,16.95,23.93,15.31,36.89,63,2,2.82,1
83.69,90.92,0,1.68,25.65,35.79,24.05,20,2,0.55,0
98.38,40.36,2,13.33,17.54,41.15,25.06,12,2,1.2,1
85.55,56.18,2,7.84,22.66,41.4,38.26,62,3,4.17,1
75.94,37.53,0,11.81,23.77,36.0,46.01,56,1,3.9,0
103.74,60.79,1,2.72,23.03,38.61,21.36,16,2,3.02,1
92.96,62.48,1,6.34,20.94,35.65,24.17,25,3,3.37,1
90.58,41.29,0,2.48,20.44,18.25,34.65,49,2,3.76,0
71.5,65.85,1,6.6,16.24,20.12,31.16,7,2,2.78,1
61.57,64.82,3,19.77,18.71,27.46,32.85,19,1,3.61,1
78.86,58.09,1,0.22,21.37,38.34,43.0,62,2,0.28,0
67.66,50.09,0,10.04,18.38,31.95,36.49,49,2,4.46,1
73.66,17.61,3,2.07,23.37,51.99,19.99,36,1,3.66,1
94.84,83.89,1,3.94,23.59,32.88,35.68,39,2,2.28,1
73.17,48.17,3,2.17,28.8,41.38,10.69,37,3,4.9,1
117.54,67.48,3,2.26,20.49,40.71,17.69,5,1,4.26,1
67.97,40.68,1,0.35,21.68,23.72,22.41,21,3,2.3,1
88.03,45.07,0,4.27,24.14,23.12,30.15,37,1,4.81,0
84.5,62.08,3,12.24,26.1,48.97,30.02,38,3,4.59,1
65.01,49.78,0,3.01,21.11,45.47,25.55,13,3,4.84,0
97.19,57.5,0,3.99,20.15,44.81,40.63,24,2,2.59,0
94.71,69.69,1,1.35,22.85,23.65,32.36,49,2,4.04,1
55.44,51.23,0,0.34,15.9,46.38,21.81,54,3,0.46,0
77.06,88.25,3,3.14,20.01,28.75,31.43,25,1,2.22,1
79.29,56.41,0,3.65,20.21,41.73,38.56,38,1,1.33,0
70.73,43.27,1,4.9,17.2,31.0,29.08,23,3,4.71,0
87.46,84.17,2,9.24,14.12,26.28,35.0,35,3,1.13,1
75.81,35.05,0,3.45,18.57,28.08,26.07,40,2,1.3,0
80.4,40.89,3,0.38,25.0,39.75,25.28,20,2,4.32,1
76.0,34.9,2,18.52,31.79,42.86,39.05,15,2,1.28,1
86.77,75.21,1,0.51,20.02,46.44,26.34,22,2,4.68,1
67.49,57.66,1,3.45,18.45,20.96,30.91,41,2,0.21,1
91.76,51.99,1,1.21,20.22,38.08,11.32,62,2,2.73,0
76.0,72.18,2,6.5,17.52,36.0,22.49,53,1,2.89,1
81.49,83.87,0,2.44,16.19,39.65,38.37,17,1,4.88,0
56.34,32.02,2,4.08,25.4,30.55,36.17,53,3,0.3,1
98.01,67.66,3,3.66,26.02,55.43,46.78,42,1,2.03,1
101.72,31.39,2,3.54,15.86,21.1,31.29,40,2,4.1,0
59.8,82.03,3,4.38,22.86,16.54,31.12,62,2,4.84,1
71.77,67.1,1,6.39,14.23,28.65,28.94,50,1,4.13,1
75.96,86.04,0,1.06,17.12,39.53,26.23,62,3,3.66,0
80.27,53.37,2,31.39,16.35,23.44,33.32,24,2,4.57,1
67.31,75.65,2,4.71,22.07,43.44,25.33,40,2,3.55,1
71.18,51.5,3,2.14,16.69,54.55,24.79,37,2,0.7,1
68.48,42.5,3,8.53,27.94,28.9,29.93,12,2,4.63,1
86.96,41.52,1,1.13,15.49,7.91,26.42,36,1,0.64,0
74.37,45.23,0,5.54,15.41,31.68,41.77,62,1,3.44,0
80.02,93.57,1,2.61,28.86,57.61,23.85,63,3,1.08,1
87.87,56.04,0,11.93,25.42,43.36,16.36,6,1,2.15,0
69.73,84.39,0,29.34,13.05,23.8,39.05,39,1,0.15,1
68.49,56.05,2,1.67,26.0,33.97,8.4,61,2,1.04,1
76.35,69.05,3,5.22,22.55,34.6,30.35,45,2,2.88,1
75.43,47.59,3,8.77,19.3,34.51,28.89,19,2,1.69,1
66.62,60.19,1,2.96,24.11,33.86,40.89,3,2,3.3,1
73.11,53.3,0,3.13,24.27,50.41,50.52,41,3,0.68,0
60.42,74.46,1,1.24,19.32,39.62,36.29,49,2,3.54,1
96.55,42.47,1,7.17,18.72,20.37,34.84,48,1,4.59,0
57.19,88.62,1,4.25,25.87,41.3,39.21,58,1,3.43,1
71.41,37.33,3,8.27,16.4,39.15,28.68,61,3,4.05,1
76.39,56.64,0,6.85,17.04,31.78,30.56,46,3,0.41,0
110.01,58.28,0,21.39,17.76,36.72,34.3,55,2,4.96,0
82.32,30.14,3,2.36,26.43,27.75,18.57,19,3,4.32,1
109.65,102.64,3,3.76,20.61,26.56,34.14,40,2,3.4,1
75.07,36.31,1,1.42,19.64,29.53,38.61,16,1,4.07,0
52.65,76.57,0,1.38,25.9,41.61,17.91,8,1,3.73,1
82.4,48.05,1,7.02,22.68,36.08,26.58,39,1,4.1,0
73.48,42.59,2,1.35,29.31,10.47,21.76,37,1,2.83,0
72.94,32.66,1,4.92,17.45,22.4,37.17,46,3,3.39,0
77.93,42.92,3,2.62,20.21,42.28,24.78,30,2,4.3,1
72.37,73.74,0,4.13,24.51,50.01,29.43,19,2,1.29,0
81.25,87.62,3,9.39,26.37,45.58,34.89,7,1,1.02,1
86.04,62.36,1,3.26,14.6,42.37,25.42,3,1,4.69,1
82.28,57.64,3,12.29,18.91,17.36,26.11,43,2,1.97,1
81.71,41.55,2,2.23,20.21,44.96,24.48,62,2,4.58,0
64.34,75.01,1,6.76,26.05,36.55,18.22,39,1,1.06,1
62.94,63.25,1,3.46,26.15,24.71,19.45,34,2,4.84,1
64.04,41.94,1,6.6,19.68,40.28,25.89,9,3,0.27,1
72.24,87.52,0,7.23,13.09,15.33,42.06,31,1,3.57,1
92.78,61.36,2,0.31,14.95,13.7,44.52,4,1,2.71,1
63.53,56.88,2,3.84,21.39,31.76,43.5,57,1,0.62,1
82.01,66.46,1,4.84,20.94,46.23,33.13,53,2,2.87,1
69.15,74.28,0,5.3,20.82,47.74,18.87,13,2,1.96,1
70.18,57.79,0,6.07,27.71,46.51,26.5,14,3,4.6,0
64.37,65.46,3,1.58,29.54,51.2,25.03,37,3,2.86,1
108.74,69.44,2,0.08,21.59,41.46,39.97,11,2,0.9,1
49.88,62.27,3,5.65,28.58,23.57,29.52,19,3,3.65,1
34.41,59.73,0,0.51,21.18,39.74,21.11,52,2,0.25,0
62.3,50.85,3,1.29,33.39,24.0,28.83,25,3,2.97,1
56.18,83.54,2,8.0,20.62,30.17,40.93,21,3,2.01,1
94.5,54.38,2,2.94,22.35,35.4,27.37,13,1,2.21,0
58.16,51.6,0,0.13,19.93,39.21,24.77,51,1,1.53,0
67.32,53.59,1,4.24,22.09,40.69,40.57,19,2,1.58,1
69.58,60.31,3,1.61,18.85,54.95,16.55,65,3,3.12,1
102.61,49.58,0,14.86,21.56,26.75,44.1,44,2,1.74,0
86.88,23.68,1,1.79,16.09,23.83,25.8,52,2,1.53,0
76.23,52.12,1,1.97,16.63,31.01,49.24,48,1,4.67,0
90.99,125.32,1,5.72,11.59,25.81,16.76,58,2,4.17,1
80.62,95.2,3,5.59,24.27,41.54,38.52,34,3,0.86,1
62.08,69.04,3,23.39,16.99,36.58,9.52,55,3,0.28,1
73.6,90.5,0,0.58,19.77,35.2,46.78,23,3,3.1,0
55.09,48.86,3,17.03,17.5,53.65,35.58,30,3,3.76,1
79.22,31.49,1,2.95,18.83,19.0,42.87,21,2,4.99,0
62.52,61.81,0,0.62,23.06,32.58,27.82,28,3,2.47,1
90.3,38.76,3,1.92,21.64,28.21,49.33,16,1,4.26,1
61.51,35.9,1,13.29,20.71,20.57,23.51,56,2,1.24,1
70.69,49.43,3,2.52,22.44,33.03,11.35,59,3,2.2,1
85.43,60.39,2,6.98,21.52,30.98,48.27,25,2,1.7,1
93.15,44.95,3,3.75,21.82,24.62,21.66,52,3,0.66,1
65.08,77.74,1,8.4,20.08,25.3,28.83,19,2,0.68,1
70.84,55.66,1,3.58,23.39,29.31,34.68,51,2,1.01,0
59.8,36.87,1,4.05,18.81,35.43,27.68,8,2,4.76,1
90.09,46.88,3,16.6,21.25,20.98,31.6,64,2,3.58,1
66.48,64.18,0,7.95,21.19,38.04,33.3,60,3,3.74,1
87.23,62.52,0,4.25,15.97,33.32,44.44,48,3,4.13,0
98.09,68.24,1,22.91,27.02,48.56,32.07,6,2,1.39,1
62.39,65.53,0,7.47,19.7,36.79,50.18,46,3,3.09,1
56.32,72.07,1,8.4,22.77,20.34,18.8,23,2,4.9,1
70.93,53.1,0,0.73,26.03,35.01,21.7,9,2,4.35,0
96.02,88.69,1,0.79,19.68,43.14,37.54,20,3,3.2,1
62.53,46.53,0,5.02,18.21,38.87,28.98,37,3,4.69,0
50.0,95.91,2,4.36,26.27,17.94,54.31,47,1,4.0,1
97.17,17.97,1,3.41,27.29,30.67,39.33,18,3,4.28,0
82.58,18.84,0,0.24,15.66,18.73,54.91,22,2,2.34,0
78.53,81.11,1,10.69,20.78,27.17,51.3,37,1,3.31,1
74.96,79.29,1,0.27,16.47,21.29,32.35,13,3,0.57,1
59.12,61.84,1,3.66,22.57,33.56,32.43,45,1,4.94,1
67.95,64.99,0,1.3,27.13,46.57,39.63,40,1,1.98,1
83.67,75.8,1,0.35,13.49,19.81,26.68,23,2,1.82,1
80.73,92.33,3,4.79,18.38,37.97,36.37,17,3,3.68,1
70.02,47.38,1,1.42,24.4,29.43,26.04,38,3,0.23,0
92.55,26.51,1,3.65,14.37,33.81,31.05,32,2,1.99,0
79.82,61.6,0,3.76,26.69,69.98,27.89,42,1,2.0,0
83.32,42.28,1,7.19,27.58,29.19,35.72,35,1,0.3,0
75.59,92.78,2,4.95,23.62,22.57,31.93,53,1,3.24,1
66.61,57.3,0,1.85,18.31,34.43,36.42,52,3,3.21,0
57.62,75.31,0,1.86,15.79,7.54,41.48,32,1,1.3,1
81.63,55.47,0,1.85,20.66,15.31,43.47,3,1,2.53,0
91.05,46.22,2,0.91,24.96,49.61,44.47,36,3,4.44,0
75.49,55.16,3,1.59,26.81,42.4,28.45,60,3,1.86,1
72.22,34.13,2,0.86,21.01,38.72,11.03,16,1,3.73,0
104.67,60.64,0,1.4,17.13,37.08,45.59,6,3,4.04,0
103.08,53.45,1,1.94,15.31,18.44,40.02,36,1,2.9,0
91.41,80.4,0,0.99,24.78,3.08,35.62,61,2,3.89,0
73.39,56.84,3,0.04,22.58,39.71,44.27,40,3,3.15,1
55.44,66.02,3,30.57,22.05,15.77,14.93,21,1,4.67,1
67.29,84.7,0,15.08,21.75,52.56,32.13,41,1,1.11,1
90.56,57.79,0,17.98,23.03,42.58,38.98,54,3,4.49,0
77.96,27.92,0,3.52,22.71,27.18,24.4,9,2,3.35,0
83.49,72.16,2,13.02,15.09,49.12,26.94,31,1,4.72,1
89.62,82.5,0,0.84,26.18,41.89,41.62,54,1,2.73,0
84.98,56.99,2,3.11,22.05,30.82,35.02,7,1,4.2,0
63.05,55.89,1,17.27,22.54,31.98,33.92,40,2,4.12,1
92.02,103.77,3,4.06,19.3,33.34,46.25,17,1,0.4,1
90.93,62.74,1,8.68,18.22,23.24,42.15,12,3,2.97,1
80.14,56.08,0,1.1,16.57,17.66,48.24,44,1,0.31,0
90.89,48.23,3,8.62,21.59,32.68,33.5,56,1,1.83,1
85.09,51.26,3,10.75,26.43,38.6,32.22,54,3,2.45,1
87.54,76.74,3,1.11,23.06,45.97,23.9,4,2,3.93,1
63.09,79.42,3,2.11,17.77,30.76,31.71,30,1,4.49,1
78.42,61.24,3,3.77,19.63,40.02,-7.37,22,1,1.31,1
76.03,84.67,0,7.22,25.96,29.94,41.86,24,1,1.26,1
73.38,46.43,2,12.27,26.96,53.34,34.74,20,3,4.75,1
